Gene	"Gene synonym"	Ensembl	"Gene description"	Uniprot	Chromosome	Position	"Protein class"	"Biological process"	"Molecular function"	"Disease involvement"	Evidence	"HPA evidence"	"UniProt evidence"	"NeXtProt evidence"	"RNA tissue specificity"	"RNA tissue distribution"	"RNA tissue specificity score"	"RNA tissue specific nTPM"	"RNA single cell type specificity"	"RNA single cell type distribution"	"RNA single cell type specificity score"	"RNA single cell type specific nTPM"	"RNA single nuclei brain specificity"	"RNA single nuclei brain distribution"	"RNA single nuclei brain specificity score"	"RNA single nuclei brain specific nTPM"	"RNA cancer specificity"	"RNA cancer distribution"	"RNA cancer specificity score"	"RNA cancer specific FPKM"	"RNA brain regional specificity"	"RNA brain regional distribution"	"RNA brain regional specificity score"	"RNA brain regional specific nTPM"	"RNA blood cell specificity"	"RNA blood cell distribution"	"RNA blood cell specificity score"	"RNA blood cell specific nTPM"	"RNA blood lineage specificity"	"RNA blood lineage distribution"	"RNA blood lineage specificity score"	"RNA blood lineage specific nTPM"	"RNA cell line specificity"	"RNA cell line distribution"	"RNA cell line specificity score"	"RNA cell line specific nTPM"	"RNA tissue cell type enrichment"	"RNA mouse brain regional specificity"	"RNA mouse brain regional distribution"	"RNA mouse brain regional specificity score"	"RNA mouse brain regional specific nTPM"	"RNA pig brain regional specificity"	"RNA pig brain regional distribution"	"RNA pig brain regional specificity score"	"RNA pig brain regional specific nTPM"	Antibody	"Reliability (IH)"	"Reliability (Mouse Brain)"	"Reliability (IF)"	"Subcellular location"	"Secretome location"	"Secretome function"	"CCD Protein"	"CCD Transcript"	"Blood concentration - Conc. blood IM [pg/L]"	"Blood concentration - Conc. blood MS [pg/L]"	"Blood expression cluster"	"Tissue expression cluster"	"Brain expression cluster"	"Cell line expression cluster"	"Single cell expression cluster"	Interactions	"Subcellular main location"	"Subcellular additional location"	"Antibody RRID"	"Cancer prognostics - Bladder Urothelial Carcinoma (TCGA)"	"Cancer prognostics - Breast Invasive Carcinoma (TCGA)"	"Cancer prognostics - Breast Invasive Carcinoma (validation)"	"Cancer prognostics - Cervical Squamous Cell Carcinoma and Endocervical Adenocarcinoma (TCGA)"	"Cancer prognostics - Colon Adenocarcinoma (TCGA)"	"Cancer prognostics - Colon Adenocarcinoma (validation)"	"Cancer prognostics - Glioblastoma Multiforme (TCGA)"	"Cancer prognostics - Glioblastoma Multiforme (validation)"	"Cancer prognostics - Head and Neck Squamous Cell Carcinoma (TCGA)"	"Cancer prognostics - Kidney Chromophobe (TCGA)"	"Cancer prognostics - Kidney Renal Clear Cell Carcinoma (TCGA)"	"Cancer prognostics - Kidney Renal Clear Cell Carcinoma (validation)"	"Cancer prognostics - Kidney Renal Papillary Cell Carcinoma (TCGA)"	"Cancer prognostics - Liver Hepatocellular Carcinoma (TCGA)"	"Cancer prognostics - Liver Hepatocellular Carcinoma (validation)"	"Cancer prognostics - Lung Adenocarcinoma (TCGA)"	"Cancer prognostics - Lung Adenocarcinoma (validation)"	"Cancer prognostics - Lung Squamous Cell Carcinoma (TCGA)"	"Cancer prognostics - Lung Squamous Cell Carcinoma (validation)"	"Cancer prognostics - Ovary Serous Cystadenocarcinoma (TCGA)"	"Cancer prognostics - Ovary Serous Cystadenocarcinoma (validation)"	"Cancer prognostics - Pancreatic Adenocarcinoma (TCGA)"	"Cancer prognostics - Pancreatic Adenocarcinoma (validation)"	"Cancer prognostics - Prostate Adenocarcinoma (TCGA)"	"Cancer prognostics - Rectum Adenocarcinoma (TCGA)"	"Cancer prognostics - Rectum Adenocarcinoma (validation)"	"Cancer prognostics - Skin Cuteneous Melanoma (TCGA)"	"Cancer prognostics - Stomach Adenocarcinoma (TCGA)"	"Cancer prognostics - Testicular Germ Cell Tumor (TCGA)"	"Cancer prognostics - Thyroid Carcinoma (TCGA)"	"Cancer prognostics - Uterine Corpus Endometrial Carcinoma (TCGA)"
AWAT1	DGAT2L3	ENSG00000204195	"Acyl-CoA wax alcohol acyltransferase 1"	Q58HT5	X	70234655-70240659	"Enzymes, Metabolic proteins, Predicted membrane proteins"	"Lipid biosynthesis, Lipid metabolism"	"Acyltransferase, Transferase"		"Evidence at protein level"	"Evidence at protein level"	"Evidence at protein level"	"Evidence at protein level"	"Tissue enhanced"	"Detected in single"		"skin 1: 1.9"	"Not detected"	"Not detected"			"Cell type enhanced"	"Detected in some"		"bergmann glia: 1.5"	"Not detected"	"Not detected"			"Not detected"	"Not detected"			"Not detected in immune cells"	"Not detected"			"Not detected"	"Not detected"			"Not detected"	"Not detected"			"Skin - Sebaceous gland cells"	"Not detected"	"Not detected"							HPA063412	Enhanced						NA	NA				"Cluster 13: Skin - Cornification"		"Cluster 27: Breast cancer - Unknown function"					"HPA063412: AB_2685009"																															
CDX4		ENSG00000131264	"Caudal type homeobox 4"	O14627	X	73447053-73455171	"Predicted intracellular proteins, Transcription factors"	"Transcription, Transcription regulation"	"Developmental protein, DNA-binding"		"Evidence at protein level"	"Evidence at transcript level"	"Evidence at protein level"	"Evidence at protein level"	"Tissue enriched"	"Detected in single"	10	"skin 1: 1.0"	"Cell type enhanced"	"Detected in single"		"Spermatogonia: 1.2"	"Not detected"	"Not detected"			"Not detected"	"Not detected"			"Not detected"	"Not detected"			"Not detected in immune cells"	"Not detected"			"Not detected"	"Not detected"			"Not detected"	"Not detected"				"Not detected"	"Not detected"			"Low region specificity"	"Detected in single"			"HPA043714, HPA056528"	Uncertain		Approved	"Nucleoplasm,Nuclear speckles,Cytosol"			NA	NA				"Cluster 13: Skin - Cornification"			"Cluster 3: Basal prostatic cells - Lipid metabolism"	8	"Nucleoplasm, Nuclear speckles"	Cytosol	"HPA043714: , HPA056528: AB_2683166"																															
DSG4	"CDHF13, LAH"	ENSG00000175065	"Desmoglein 4"	Q86SJ6	18	31376777-31414912	"Disease related genes, Human disease related genes, Predicted membrane proteins"	"Cell adhesion"		"Disease variant, Hypotrichosis"	"Evidence at protein level"	"Evidence at protein level"	"Evidence at protein level"	"Evidence at protein level"	"Tissue enriched"	"Detected in single"	6	"skin 1: 2.8"	"Cell type enhanced"	"Detected in single"		"Early spermatids: 1.9"	"Not detected"	"Not detected"			"Not detected"	"Not detected"			"Not detected"	"Not detected"			"Not detected in immune cells"	"Not detected"			"Not detected"	"Not detected"			"Cancer enriched"	"Detected in single"	5	"colorectal cancer: 1.8"	"Testis - Early spermatids, Testis - Late spermatids"	"Not detected"	"Not detected"			"Low region specificity"	"Detected in some"			"HPA059456, HPA079244"	Enhanced						NA	NA		260000		"Cluster 13: Skin - Cornification"		"Cluster 57: Stomach & Colon cancer - Digestion"	"Cluster 12: Squamous epithelial cells - Keratinization"	1			"HPA059456: AB_2684025, HPA079244: "																															
ENSG00000236543		ENSG00000236543	"Novel beta-lactoglobulin-like protein"		9	135604345-135619893	"Predicted intracellular proteins"				"Evidence at transcript level"	"Evidence at transcript level"			"Tissue enriched"	"Detected in single"	31	"skin 1: 8.4"	"Not detected"	"Not detected"			"Cell type enhanced"	"Detected in single"		"bergmann glia: 1.1"	"Not detected"	"Not detected"			"Not detected"	"Not detected"			"Not detected in immune cells"	"Not detected"			"Not detected"	"Not detected"			"Not detected"	"Not detected"			"Skin - Keratinocyte (granular)"	"Not detected"	"Not detected"			"Low region specificity"	"Detected in all"										NA	NA				"Cluster 13: Skin - Cornification"		"Cluster 34: Testis cancer - Unknown function"																																				
ENSG00000255439		ENSG00000255439	"Novel protein, VKORC1 and PRSS53 readthrough"		16	31083439-31094956	"Predicted intracellular proteins"				"Evidence at transcript level"	"Evidence at transcript level"			"Tissue enhanced"	"Detected in single"		"skin 1: 1.1"	"Not detected"	"Not detected"			"Low cell type specificity"	"Detected in many"			"Low cancer specificity"	"Detected in single"			"Not detected"	"Not detected"			"Low immune cell specificity"	"Detected in many"			"Low lineage specificity"	"Detected in many"			"Low cancer specificity"	"Detected in many"												HPA042720	Approved		Approved	"Endoplasmic reticulum"			NA	NA			"Cluster 3: Non-specific - Nuclear processes"	"Cluster 13: Skin - Cornification"		"Cluster 3: Rhabdoid - Membrane components"			"Endoplasmic reticulum"		"HPA042720: AB_10961864"																															"unprognostic (6.08e-2)"
ETDC		ENSG00000283644	"Embryonic testis differentiation homolog C"	A0A1B0GVM5	X	135309480-135309659	"Predicted intracellular proteins"				"Evidence at transcript level"	"Evidence at transcript level"	"No human protein/transcript evidence"	"Evidence at transcript level"	"Tissue enhanced"	"Detected in single"		"skin 1: 1.1"	"Not detected"	"Not detected"			"Not detected"	"Not detected"			"Not detected"	"Not detected"			"Low region specificity"	"Detected in all"			"Not detected in immune cells"	"Not detected"			"Not detected"	"Not detected"			"Low cancer specificity"	"Detected in some"																			NA	NA				"Cluster 13: Skin - Cornification"	"Cluster 20: Macrophages & Microglia - Immune response"	"Cluster 72: Neuronal - Signal transduction"											"unprognostic (2.41e-1)"																				"unprognostic (9.08e-2)"					
HOXC13	"HOX3, HOX3G"	ENSG00000123364	"Homeobox C13"	P31276	12	53938831-53946544	"Cancer-related genes, Disease related genes, Human disease related genes, Predicted intracellular proteins, Transcription factors"	"Transcription, Transcription regulation"	"Developmental protein, DNA-binding"	"Cancer-related genes, Disease variant, Ectodermal dysplasia"	"Evidence at protein level"	"Evidence at protein level"	"Evidence at protein level"	"Evidence at protein level"	"Tissue enriched"	"Detected in single"	17	"skin 1: 9.3"	"Cell type enhanced"	"Detected in some"		"Basal keratinocytes: 1.2;Breast myoepithelial cells: 4.2;Melanocytes: 1.7;Oocytes: 1.5;Spermatogonia: 1.6;Suprabasal keratinocytes: 2.4"	"Not detected"	"Not detected"			"Cancer enhanced"	"Detected in many"		"Breast Invasive Carcinoma (TCGA): 8.2"	"Not detected"	"Not detected"			"Not detected in immune cells"	"Not detected"			"Not detected"	"Not detected"			"Low cancer specificity"	"Detected in many"			"Breast - Breast glandular cells (progenitors)"	"Not detected"	"Not detected"			"Low region specificity"	"Detected in single"			HPA051634	Enhanced						NA	NA				"Cluster 13: Skin - Cornification"		"Cluster 53: Squamous epithelial cells - Keratinization"	"Cluster 12: Squamous epithelial cells - Keratinization"	2			"HPA051634: AB_2616459"	"unprognostic (9.26e-2)"	"unprognostic (1.63e-3)"	"unprognostic (1.66e-1)"	"unprognostic (1.04e-1)"			"unprognostic (2.92e-3)"	"potential prognostic unfavorable (8.32e-4)"	"unprognostic (3.09e-3)"							"unprognostic (2.23e-1)"	"unprognostic (1.03e-1)"	"unprognostic (2.38e-1)"	"unprognostic (2.97e-1)"								"unprognostic (3.76e-1)"	"unprognostic (2.98e-1)"			"unprognostic (1.53e-2)"
KLRF2	NKp65	ENSG00000256797	"Killer cell lectin like receptor F2"	D3W0D1	12	9881489-9895833	"Predicted membrane proteins"		Receptor		"Evidence at protein level"	"Evidence at transcript level"	"Evidence at protein level"	"Evidence at protein level"	"Tissue enriched"	"Detected in single"	13	"skin 1: 11.6"	"Not detected"	"Not detected"			"Not detected"	"Not detected"			"Not detected"	"Not detected"			"Not detected"	"Not detected"			"Group enriched"	"Detected in some"	32	"NK-cell: 3.1;plasmacytoid DC: 3.2"	"Group enriched"	"Detected in many"	32	"dendritic cells: 3.2;NK-cells: 3.1"	"Group enriched"	"Detected in some"	26	"Leukemia: 4.1;lymphoma: 1.3;Myeloma: 5.2"	"Skin - Keratinocyte (other)"																NA	NA			"Cluster 8: Plasmacytoid DCs - Unknown function"	"Cluster 13: Skin - Cornification"		"Cluster 59: Leukemia - T-cell receptor"	"Cluster 19: NK-cells - Adaptive immune response"																																			
KRT26	KRT25B	ENSG00000186393	"Keratin 26"	Q7Z3Y9	17	40766238-40772201	"Predicted intracellular proteins"				"Evidence at protein level"	"Evidence at protein level"	"Evidence at protein level"	"Evidence at protein level"	"Tissue enriched"	"Detected in single"	6	"skin 1: 5.7"	"Not detected"	"Not detected"			"Not detected"	"Not detected"			"Not detected"	"Not detected"			"Low region specificity"	"Detected in single"			"Group enriched"	"Detected in some"	21	"basophil: 2.1;neutrophil: 3.4"	"Lineage enriched"	"Detected in single"	35	"granulocytes: 3.4"	"Not detected"	"Not detected"			"Testis - Spermatogonia"	"Not detected"	"Not detected"			"Low region specificity"	"Detected in all"			HPA026890	Enhanced						NA	NA			"Cluster 4: Neutrophils - Degranulation"	"Cluster 13: Skin - Cornification"	"Cluster 25: Non-specific - Transcription"		"Cluster 67: Spermatogonia - Spermatogenesis"	18			"HPA026890: AB_2672042"																															
KRT28	KRT25D	ENSG00000173908	"Keratin 28"	Q7Z3Y7	17	40792196-40799959	"Predicted intracellular proteins"				"Evidence at protein level"	"Evidence at protein level"	"Evidence at protein level"	"Evidence at protein level"	"Tissue enriched"	"Detected in single"	15	"skin 1: 11.3"	"Cell type enhanced"	"Detected in single"		"Spermatogonia: 1.7"	"Not detected"	"Not detected"			"Cancer enhanced"	"Detected in some"		"Cervical Squamous Cell Carcinoma and Endocervical Adenocarcinoma (TCGA): 1.2;Uterine Corpus Endometrial Carcinoma (TCGA): 1.8"	"Not detected"	"Not detected"			"Not detected in immune cells"	"Not detected"			"Not detected"	"Not detected"			"Cancer enriched"	"Detected in single"	815	"Rhabdoid: 81.4"	"Skin - Inner root sheath cells"	"Region enriched"	"Detected in single"	6	"cerebellum: 3.2"	"Low region specificity"	"Detected in all"			HPA066890	Enhanced						NA	NA				"Cluster 13: Skin - Cornification"		"Cluster 5: Rhabdoid - Unknown function"	"Cluster 67: Spermatogonia - Spermatogenesis"	15			"HPA066890: AB_2685742"																															
KRT37	KRTHA7	ENSG00000108417	"Keratin 37"	O76014	17	41420547-41424585	"Predicted intracellular proteins"				"Evidence at protein level"	"Evidence at transcript level"	"Evidence at protein level"	"Evidence at protein level"	"Tissue enriched"	"Detected in single"	15	"skin 1: 6.0"	"Not detected"	"Not detected"			"Not detected"	"Not detected"			"Not detected"	"Not detected"			"Not detected"	"Not detected"			"Not detected in immune cells"	"Not detected"			"Not detected"	"Not detected"			"Cancer enhanced"	"Detected in single"		"colorectal cancer: 1.0"																	NA	NA				"Cluster 13: Skin - Cornification"		"Cluster 57: Stomach & Colon cancer - Digestion"	"Cluster 9: Endometrial stromal cells - Transcription"	36						"unprognostic (2.78e-3)"																												
KRT38	KRTHA8	ENSG00000171360	"Keratin 38"	O76015	17	41436154-41440983	"Plasma proteins, Predicted intracellular proteins"				"Evidence at protein level"	"Evidence at transcript level"	"Evidence at protein level"	"Evidence at protein level"	"Tissue enriched"	"Detected in single"	26	"skin 1: 15.5"	"Not detected"	"Not detected"			"Not detected"	"Not detected"			"Cancer enriched"	"Detected in single"	5	"Head and Neck Squamous Cell Carcinoma (TCGA): 1.1"	"Not detected"	"Not detected"			"Not detected in immune cells"	"Not detected"			"Not detected"	"Not detected"			"Not detected"	"Not detected"																			NA	NA		100000000		"Cluster 13: Skin - Cornification"		"Cluster 57: Stomach & Colon cancer - Digestion"	"Cluster 36: Late spermatids - Unknown function"	92												"unprognostic (1.42e-1)"																						
KRT39	KA35	ENSG00000196859	"Keratin 39"	Q6A163	17	40958417-40966948	"Predicted intracellular proteins"				"Evidence at protein level"	"Evidence at transcript level"	"Evidence at protein level"	"Evidence at protein level"	"Tissue enriched"	"Detected in single"	6	"skin 1: 5.2"	"Not detected"	"Not detected"			"Not detected"	"Not detected"			"Not detected"	"Not detected"			"Not detected"	"Not detected"			"Not detected in immune cells"	"Not detected"			"Not detected"	"Not detected"			"Not detected"	"Not detected"				"Not detected"	"Not detected"			"Low region specificity"	"Detected in many"			HPA057307			Approved	"Mid piece,Principal piece,Annulus"			NA	NA		160000		"Cluster 13: Skin - Cornification"		"Cluster 32: Non-specific - Cell proliferation"	"Cluster 10: Muller glia cells - Visual perception"	28	Annulus	"Mid piece, Principal piece"	"HPA057307: "																															
KRT82	"Hb-2, KRTHB2"	ENSG00000161850	"Keratin 82"	Q9NSB4	12	52393931-52406335	"Plasma proteins, Predicted intracellular proteins"				"Evidence at protein level"	"Evidence at protein level"	"Evidence at protein level"	"Evidence at protein level"	"Tissue enriched"	"Detected in single"	32	"skin 1: 12.3"	"Not detected"	"Not detected"			"Not detected"	"Not detected"			"Not detected"	"Not detected"			"Not detected"	"Not detected"			"Not detected in immune cells"	"Not detected"			"Not detected"	"Not detected"			"Not detected"	"Not detected"			"Skin - Inner root sheath cells"	"Not detected"	"Not detected"			"Not detected"	"Not detected"			"HPA058715, HPA067230"	Enhanced						NA	NA		15000000		"Cluster 13: Skin - Cornification"		"Cluster 70: DU4475 - Unknown function"		12			"HPA058715: AB_2683798, HPA067230: AB_2685807"																															
KRTAP1-1	"HB2A, KAP1.1, KAP1.1A, KAP1.1B"	ENSG00000188581	"Keratin associated protein 1-1"	Q07627	17	41040541-41041450	"Predicted intracellular proteins"				"Evidence at protein level"	"Evidence at transcript level"	"Evidence at protein level"	"Evidence at protein level"	"Tissue enriched"	"Detected in single"	328	"skin 1: 78.8"	"Cell type enriched"	"Detected in single"	7	"Ductal cells: 6.1"	"Not detected"	"Not detected"			"Not detected"	"Not detected"			"Not detected"	"Not detected"			"Not detected in immune cells"	"Not detected"			"Not detected"	"Not detected"			"Not detected"	"Not detected"			"Skin - Hair cortex cells"																NA	NA				"Cluster 82: Skin - Keratinization"		"Cluster 64: Connective tissue cells - ECM organization"	"Cluster 45: Non-specific - Mixed function"	150																																		
KRTAP1-3	KAP1.3	ENSG00000221880	"Keratin associated protein 1-3"	Q8IUG1	17	41033884-41034874	"Predicted intracellular proteins"				"Evidence at protein level"	"Evidence at transcript level"	"Evidence at protein level"	"Evidence at protein level"	"Tissue enriched"	"Detected in single"	322	"skin 1: 92.6"	"Not detected"	"Not detected"			"Not detected"	"Not detected"			"Not detected"	"Not detected"			"Not detected"	"Not detected"			"Not detected in immune cells"	"Not detected"			"Not detected"	"Not detected"			"Not detected"	"Not detected"			"Skin - Hair cortex cells"																NA	NA				"Cluster 82: Skin - Keratinization"		"Cluster 10: Ciliated cells - Ion channel activity"		140																																		
KRTAP1-4	KAP1.4	ENSG00000204887	"Keratin associated protein 1-4"	P0C5Y4	17	41029351-41030195	"Predicted intracellular proteins"				"Evidence at protein level"	"Evidence at transcript level"	"Evidence at transcript level"	"Evidence at protein level"	"Tissue enriched"	"Detected in single"	12	"skin 1: 1.2"	"Not detected"	"Not detected"			"Not detected"	"Not detected"			"Not detected"	"Not detected"			"Not detected"	"Not detected"			"Not detected in immune cells"	"Not detected"			"Not detected"	"Not detected"			"Not detected"	"Not detected"			"Skin - Hair cortex cells"					"Low region specificity"	"Detected in some"										NA	NA				"Cluster 82: Skin - Keratinization"																																						
KRTAP10-1	"KAP10.1, KAP18.1, KRTAP18-1"	ENSG00000215455	"Keratin associated protein 10-1"	P60331	21	44538981-44540195	"Predicted intracellular proteins"				"Evidence at transcript level"	"Evidence at transcript level"	"Evidence at transcript level"	"Evidence at transcript level"	"Tissue enriched"	"Detected in single"	77	"skin 1: 10.1"	"Cell type enhanced"	"Detected in single"		"Oocytes: 1.5"	"Not detected"	"Not detected"			"Not detected"	"Not detected"			"Not detected"	"Not detected"			"Not detected in immune cells"	"Not detected"			"Not detected"	"Not detected"			"Not detected"	"Not detected"																			NA	NA				"Cluster 82: Skin - Keratinization"			"Cluster 44: Oocytes - Unknown function"	8																																		
KRTAP10-10	"KAP10.10, KAP18.10, KRTAP18-10"	ENSG00000221859	"Keratin associated protein 10-10"	P60014	21	44637356-44638455	"Predicted intracellular proteins"				"Evidence at protein level"	"Evidence at transcript level"	"Evidence at protein level"	"Evidence at protein level"	"Tissue enriched"	"Detected in single"	66	"skin 1: 18.0"	"Not detected"	"Not detected"							"Not detected"	"Not detected"			"Not detected"	"Not detected"			"Not detected in immune cells"	"Not detected"			"Not detected"	"Not detected"			"Not detected"	"Not detected"																			NA	NA				"Cluster 82: Skin - Keratinization"		"Cluster 10: Ciliated cells - Ion channel activity"		18																																		
KRTAP10-11	"KAP10.11, KAP18.11, KRTAP18-11, KRTAP18.11"	ENSG00000243489	"Keratin associated protein 10-11"	P60412	21	44646414-44647650	"Predicted intracellular proteins"				"Evidence at protein level"	"Evidence at transcript level"	"Evidence at protein level"	"Evidence at protein level"	"Tissue enriched"	"Detected in single"	60	"skin 1: 8.9"	"Not detected"	"Not detected"			"Not detected"	"Not detected"			"Not detected"	"Not detected"			"Not detected"	"Not detected"			"Not detected in immune cells"	"Not detected"			"Not detected"	"Not detected"			"Not detected"	"Not detected"																			NA	NA				"Cluster 82: Skin - Keratinization"		"Cluster 10: Ciliated cells - Ion channel activity"		33																																		
KRTAP10-12	"KAP10.12, KRTAP18-12, KRTAP18.12"	ENSG00000189169	"Keratin associated protein 10-12"	P60413	21	44697172-44698044	"Predicted intracellular proteins"				"Evidence at protein level"	"Evidence at transcript level"	"Evidence at transcript level"	"Evidence at protein level"	"Tissue enriched"	"Detected in single"	49	"skin 1: 9.5"	"Not detected"	"Not detected"			"Not detected"	"Not detected"			"Not detected"	"Not detected"			"Not detected"	"Not detected"			"Not detected in immune cells"	"Not detected"			"Not detected"	"Not detected"			"Not detected"	"Not detected"																			NA	NA				"Cluster 82: Skin - Keratinization"		"Cluster 10: Ciliated cells - Ion channel activity"																																				
KRTAP10-2	"KAP10.2, KAP18.2, KRTAP18-2"	ENSG00000205445	"Keratin associated protein 10-2"	P60368	21	44550357-44551505	"Predicted intracellular proteins"				"Evidence at transcript level"	"Evidence at transcript level"	"Evidence at transcript level"	"Evidence at transcript level"	"Tissue enriched"	"Detected in single"	97	"skin 1: 14.6"	"Cell type enriched"	"Detected in single"	5	"Oocytes: 1.5"	"Not detected"	"Not detected"			"Not detected"	"Not detected"			"Not detected"	"Not detected"			"Not detected in immune cells"	"Not detected"			"Not detected"	"Not detected"			"Not detected"	"Not detected"																			NA	NA				"Cluster 82: Skin - Keratinization"		"Cluster 51: Myeloma - Immunoglobulins"	"Cluster 44: Oocytes - Unknown function"																																			
KRTAP10-3	"KAP10.3, KAP18.3, KRTAP18-3"	ENSG00000212935	"Keratin associated protein 10-3"	P60369	21	44557790-44558795	"Predicted intracellular proteins"				"Evidence at protein level"	"Evidence at transcript level"	"Evidence at transcript level"	"Evidence at protein level"	"Tissue enriched"	"Detected in single"	80	"skin 1: 22.4"	"Cell type enriched"	"Detected in single"	14	"Oocytes: 1.5"	"Not detected"	"Not detected"			"Not detected"	"Not detected"			"Not detected"	"Not detected"			"Not detected in immune cells"	"Not detected"			"Not detected"	"Not detected"			"Not detected"	"Not detected"																			NA	NA				"Cluster 82: Skin - Keratinization"			"Cluster 44: Oocytes - Unknown function"	4																																		
KRTAP10-4	"KAP10.4, KRTAP18-4, KRTAP18.4"	ENSG00000215454	"Keratin associated protein 10-4"	P60372	21	44573729-44575371	"Predicted intracellular proteins"				"Evidence at protein level"	"Evidence at transcript level"	"Evidence at protein level"	"Evidence at protein level"	"Tissue enriched"	"Detected in single"	56	"skin 1: 7.3"	"Not detected"	"Not detected"			"Cell type enhanced"	"Detected in some"		"choroid plexus epithelial cell: 2.7;medium spiny neuron: 1.1"	"Not detected"	"Not detected"			"Not detected"	"Not detected"			"Not detected in immune cells"	"Not detected"			"Not detected"	"Not detected"			"Not detected"	"Not detected"																			NA	NA				"Cluster 82: Skin - Keratinization"				7																																		
KRTAP10-5	"KAP10.5, KAP18.5, KRTAP18-5"	ENSG00000241123	"Keratin associated protein 10-5"	P60370	21	44579455-44580604	"Predicted intracellular proteins"				"Evidence at protein level"	"Evidence at transcript level"	"Evidence at protein level"	"Evidence at protein level"	"Tissue enriched"	"Detected in single"	69	"skin 1: 15.9"	"Not detected"	"Not detected"			"Not detected"	"Not detected"			"Not detected"	"Not detected"			"Not detected"	"Not detected"			"Not detected in immune cells"	"Not detected"			"Not detected"	"Not detected"			"Not detected"	"Not detected"																			NA	NA				"Cluster 82: Skin - Keratinization"				135																																		
KRTAP10-6	"KAP10.6, KAP18.6, KRTAP18-6, KRTAP18.6"	ENSG00000188155	"Keratin associated protein 10-6"	P60371	21	44591268-44592505	"Predicted intracellular proteins"				"Evidence at protein level"	"Evidence at transcript level"	"Evidence at protein level"	"Evidence at protein level"	"Tissue enriched"	"Detected in single"	11	"skin 1: 2.5"	"Not detected"	"Not detected"			"Not detected"	"Not detected"			"Not detected"	"Not detected"			"Not detected"	"Not detected"			"Not detected in immune cells"	"Not detected"			"Not detected"	"Not detected"			"Not detected"	"Not detected"																			NA	NA				"Cluster 13: Skin - Cornification"				65																																		
KRTAP10-7	"KAP10.7, KAP18.7, KRTAP18-7"	ENSG00000272804	"Keratin associated protein 10-7"	P60409	21	44600597-44602174	"Predicted intracellular proteins"				"Evidence at protein level"	"Evidence at transcript level"	"Evidence at protein level"	"Evidence at protein level"	"Tissue enriched"	"Detected in single"	63	"skin 1: 13.8"	"Not detected"	"Not detected"			"Not detected"	"Not detected"			"Not detected"	"Not detected"			"Not detected"	"Not detected"			"Not detected in immune cells"	"Not detected"			"Not detected"	"Not detected"			"Not detected"	"Not detected"																			NA	NA				"Cluster 82: Skin - Keratinization"				257																																		
KRTAP10-8	"KAP10.8, KRTAP18-8, KRTAP18.8"	ENSG00000187766	"Keratin associated protein 10-8"	P60410	21	44612079-44612954	"Predicted intracellular proteins"				"Evidence at protein level"	"Evidence at transcript level"	"Evidence at protein level"	"Evidence at protein level"	"Tissue enriched"	"Detected in single"	75	"skin 1: 7.5"	"Not detected"	"Not detected"			"Not detected"	"Not detected"			"Not detected"	"Not detected"			"Not detected"	"Not detected"			"Not detected in immune cells"	"Not detected"			"Not detected"	"Not detected"			"Not detected"	"Not detected"																			NA	NA				"Cluster 82: Skin - Keratinization"				331																																		
KRTAP10-9	"KAP10.9, KAP18.9, KRTAP18-9"	ENSG00000221837	"Keratin associated protein 10-9"	P60411	21	44627093-44628378	"Predicted intracellular proteins"				"Evidence at protein level"	"Evidence at transcript level"	"Evidence at protein level"	"Evidence at protein level"	"Tissue enriched"	"Detected in single"	75	"skin 1: 10.5"	"Not detected"	"Not detected"			"Not detected"	"Not detected"			"Not detected"	"Not detected"			"Not detected"	"Not detected"			"Not detected in immune cells"	"Not detected"			"Not detected"	"Not detected"			"Not detected"	"Not detected"																			NA	NA				"Cluster 82: Skin - Keratinization"				190																																		
KRTAP12-1	"KAP12.1, KRTAP12.1"	ENSG00000187175	"Keratin associated protein 12-1"	P59990	21	44681576-44682163	"Predicted intracellular proteins"				"Evidence at protein level"	"Evidence at transcript level"	"Evidence at protein level"	"Evidence at protein level"	"Tissue enriched"	"Detected in single"	57	"skin 1: 23.7"	"Not detected"	"Not detected"			"Not detected"	"Not detected"			"Not detected"	"Not detected"			"Region enhanced"	"Detected in single"		"choroid plexus: 1.5"	"Not detected in immune cells"	"Not detected"			"Not detected"	"Not detected"			"Not detected"	"Not detected"																			NA	NA				"Cluster 82: Skin - Keratinization"	"Cluster 36: Choroid plexus - Mixed function"	"Cluster 10: Ciliated cells - Ion channel activity"		50																																		
KRTAP12-2	"KAP12.2, KRTAP12.2"	ENSG00000221864	"Keratin associated protein 12-2"	P59991	21	44666189-44666927	"Predicted intracellular proteins"				"Evidence at protein level"	"Evidence at transcript level"	"Evidence at protein level"	"Evidence at protein level"	"Tissue enriched"	"Detected in single"	50	"skin 1: 21.8"	"Not detected"	"Not detected"			"Not detected"	"Not detected"			"Not detected"	"Not detected"			"Region enhanced"	"Detected in single"		"choroid plexus: 1.0"	"Not detected in immune cells"	"Not detected"			"Not detected"	"Not detected"			"Not detected"	"Not detected"																			NA	NA				"Cluster 82: Skin - Keratinization"	"Cluster 36: Choroid plexus - Mixed function"			98																																		
KRTAP12-3	KRTAP12.3	ENSG00000205439	"Keratin associated protein 12-3"	P60328	21	44657932-44658341	"Predicted intracellular proteins"				"Evidence at protein level"	"Evidence at transcript level"	"Evidence at protein level"	"Evidence at protein level"	"Tissue enriched"	"Detected in single"	74	"skin 1: 9.1"	"Cell type enhanced"	"Detected in single"		"granulocytes: 1.6"	"Not detected"	"Not detected"			"Not detected"	"Not detected"			"Not detected"	"Not detected"			"Not detected in immune cells"	"Not detected"			"Not detected"	"Not detected"			"Not detected"	"Not detected"																			NA	NA				"Cluster 82: Skin - Keratinization"			"Cluster 7: T-cells - T-cell receptor"	117																																		
KRTAP13-1	KAP13.1	ENSG00000198390	"Keratin associated protein 13-1"	Q8IUC0	21	30396031-30396822	"Predicted intracellular proteins"				"Evidence at protein level"	"Evidence at transcript level"	"Evidence at transcript level"	"Evidence at protein level"	"Tissue enriched"	"Detected in single"	35	"skin 1: 8.7"	"Not detected"	"Not detected"			"Not detected"	"Not detected"			"Not detected"	"Not detected"			"Not detected"	"Not detected"			"Not detected in immune cells"	"Not detected"			"Not detected"	"Not detected"			"Not detected"	"Not detected"				"Not detected"	"Not detected"														NA	NA		650000		"Cluster 82: Skin - Keratinization"			"Cluster 12: Squamous epithelial cells - Keratinization"																																			
KRTAP17-1	KAP17.1	ENSG00000186860	"Keratin associated protein 17-1"	Q9BYP8	17	41314912-41315710	"Predicted intracellular proteins"				"Evidence at protein level"	"Evidence at transcript level"	"Evidence at protein level"	"Evidence at protein level"	"Tissue enriched"	"Detected in single"	52	"skin 1: 23.2"	"Group enriched"	"Detected in some"	14	"Collecting duct cells: 3.9;Enteroendocrine cells: 3.9;Extravillous trophoblasts: 1.8"	"Not detected"	"Not detected"			"Not detected"	"Not detected"			"Not detected"	"Not detected"			"Not detected in immune cells"	"Not detected"			"Not detected"	"Not detected"			"Not detected"	"Not detected"								"Not detected"	"Not detected"										NA	NA				"Cluster 13: Skin - Cornification"		"Cluster 55: Lymphoma - Immune response"	"Cluster 20: Enteroendocrine cells - Hormone signaling"	41																																		
KRTAP19-1	KAP19.1	ENSG00000184351	"Keratin associated protein 19-1"	Q8IUB9	21	30479706-30480367	"Predicted intracellular proteins"				"Evidence at protein level"	"Evidence at transcript level"	"Evidence at protein level"	"Evidence at protein level"	"Tissue enriched"	"Detected in single"	116	"skin 1: 16.0"	"Cell type enriched"	"Detected in single"	8	"Syncytiotrophoblasts: 2.3"	"Not detected"	"Not detected"			"Cancer enriched"	"Detected in some"	8	"Skin Cuteneous Melanoma (TCGA): 29.1"	"Not detected"	"Not detected"			"Not detected in immune cells"	"Not detected"			"Not detected"	"Not detected"			"Cancer enriched"	"Detected in single"	47	"skin cancer: 15.2"	"Skin - Hair cortex cells"																NA	NA				"Cluster 82: Skin - Keratinization"		"Cluster 9: Skin cancer - Melanin biosynthesis"	"Cluster 27: Syncytiotrophoblasts - Pregnancy"	36							"unprognostic (7.32e-2)"														"unprognostic (7.30e-3)"	"unprognostic (3.67e-2)"								"unprognostic (2.08e-2)"				
KRTAP19-5	KAP19.5	ENSG00000186977	"Keratin associated protein 19-5"	Q3LI72	21	30501657-30502141	"Predicted intracellular proteins"				"Evidence at protein level"	"Evidence at transcript level"	"Evidence at protein level"	"Evidence at protein level"	"Tissue enriched"	"Detected in single"	85	"skin 1: 30.6"	"Group enriched"	"Detected in some"	6	"Gastric mucus-secreting cells: 1.2;Syncytiotrophoblasts: 2.0"	"Not detected"	"Not detected"			"Not detected"	"Not detected"			"Not detected"	"Not detected"			"Not detected in immune cells"	"Not detected"			"Not detected"	"Not detected"			"Not detected"	"Not detected"			"Skin - Hair cortex cells"																NA	NA		640000		"Cluster 82: Skin - Keratinization"		"Cluster 66: Non-specific - Mitochondria"	"Cluster 27: Syncytiotrophoblasts - Pregnancy"	83																																		
KRTAP2-1	KAP2.1A	ENSG00000212725	"Keratin associated protein 2-1"	Q9BYU5	17	41046541-41047316	"Predicted intracellular proteins"				"Evidence at protein level"	"Evidence at protein level"	"Evidence at transcript level"	"Evidence at transcript level"	"Tissue enriched"	"Detected in single"	412	"skin 1: 66.4"	"Not detected"	"Not detected"			"Not detected"	"Not detected"			"Not detected"	"Not detected"			"Not detected"	"Not detected"			"Not detected in immune cells"	"Not detected"			"Not detected"	"Not detected"			"Not detected"	"Not detected"			"Skin - Hair cortex cells"									HPA059203	Supported						NA	NA				"Cluster 82: Skin - Keratinization"			"Cluster 4: Extravillous trophoblasts - Unknown function"				"HPA059203: AB_2683947"																															
KRTAP2-2	KAP2.2	ENSG00000214518	"Keratin associated protein 2-2"	Q9BYT5	17	41054498-41055230	"Predicted intracellular proteins"				"Evidence at protein level"	"Evidence at protein level"	"Evidence at transcript level"	"Evidence at transcript level"	"Tissue enriched"	"Detected in single"	340	"skin 1: 52.3"	"Not detected"	"Not detected"							"Not detected"	"Not detected"			"Not detected"	"Not detected"			"Not detected in immune cells"	"Not detected"			"Not detected"	"Not detected"			"Not detected"	"Not detected"			"Skin - Hair cortex cells"									HPA059203	Supported						NA	NA				"Cluster 82: Skin - Keratinization"			"Cluster 24: Cytotrophoblasts - Mitochondria"				"HPA059203: AB_2683947"																															
KRTAP2-3	KAP2.3	ENSG00000212724	"Keratin associated protein 2-3"	P0C7H8	17	41059240-41060114	"Predicted intracellular proteins"				"Evidence at protein level"	"Evidence at protein level"	"Evidence at protein level"	"Evidence at protein level"	"Tissue enriched"	"Detected in single"	103	"skin 1: 20.0"	"Group enriched"	"Detected in some"	6	"Ductal cells: 21.0;Glandular and luminal cells: 34.2;Pancreatic endocrine cells: 44.1"					"Cancer enhanced"	"Detected in single"		"Uterine Corpus Endometrial Carcinoma (TCGA): 1.3"	"Not detected"	"Not detected"			"Not detected in immune cells"	"Not detected"			"Not detected"	"Not detected"			"Low cancer specificity"	"Detected in many"			"Skin - Hair cortex cells"									HPA059203	Supported						NA	NA				"Cluster 82: Skin - Keratinization"		"Cluster 72: Neuronal - Signal transduction"	"Cluster 45: Non-specific - Mixed function"	9			"HPA059203: AB_2683947"																															"unprognostic (1.20e-2)"
KRTAP2-4	KAP2.4	ENSG00000213417	"Keratin associated protein 2-4"	Q9BYR9	17	41065116-41065879	"Predicted intracellular proteins"				"Evidence at protein level"	"Evidence at protein level"	"Evidence at protein level"	"Evidence at protein level"	"Tissue enriched"	"Detected in single"	154	"skin 1: 42.2"	"Not detected"	"Not detected"							"Not detected"	"Not detected"			"Not detected"	"Not detected"			"Not detected in immune cells"	"Not detected"			"Not detected"	"Not detected"			"Not detected"	"Not detected"			"Skin - Hair cortex cells"									HPA059203	Supported						NA	NA				"Cluster 82: Skin - Keratinization"		"Cluster 72: Neuronal - Signal transduction"		78			"HPA059203: AB_2683947"																															
KRTAP20-2	KAP20.2	ENSG00000184032	"Keratin associated protein 20-2"	Q3LI61	21	30635206-30635619	"Predicted intracellular proteins"				"Evidence at protein level"	"Evidence at transcript level"	"No human protein/transcript evidence"	"Evidence at protein level"	"Tissue enriched"	"Detected in single"	9	"skin 1: 1.4"	"Not detected"	"Not detected"			"Not detected"	"Not detected"			"Not detected"	"Not detected"			"Not detected"	"Not detected"			"Not detected in immune cells"	"Not detected"			"Not detected"	"Not detected"			"Not detected"	"Not detected"			"Skin - Hair cortex cells"					"Not detected"	"Not detected"										NA	NA		8500		"Cluster 13: Skin - Cornification"		"Cluster 10: Ciliated cells - Ion channel activity"	"Cluster 18: Early spermatids - Unknown function"																																			
KRTAP24-1	KAP24.1	ENSG00000188694	"Keratin associated protein 24-1"	Q3LI83	21	30281309-30282950	"Predicted intracellular proteins"				"Evidence at protein level"	"Evidence at protein level"	"Evidence at transcript level"	"Evidence at protein level"	"Tissue enriched"	"Detected in single"	31	"skin 1: 5.9"	"Not detected"	"Not detected"			"Not detected"	"Not detected"			"Not detected"	"Not detected"			"Not detected"	"Not detected"			"Not detected in immune cells"	"Not detected"			"Not detected"	"Not detected"			"Not detected"	"Not detected"				"Not detected"	"Not detected"			"Not detected"	"Not detected"			HPA017604	Enhanced						NA	NA				"Cluster 82: Skin - Keratinization"							"HPA017604: AB_2669625"																															
KRTAP29-1	KAP29.2	ENSG00000212658	"Keratin associated like protein 29-1"	A8MX34	17	41301826-41302851	"Predicted intracellular proteins"				"Evidence at transcript level"	"Evidence at transcript level"	"No human protein/transcript evidence"	"Evidence at transcript level"	"Tissue enriched"	"Detected in single"	17	"skin 1: 1.8"	"Not detected"	"Not detected"			"Not detected"	"Not detected"			"Not detected"	"Not detected"			"Not detected"	"Not detected"			"Not detected in immune cells"	"Not detected"			"Not detected"	"Not detected"			"Not detected"	"Not detected"				"Not detected"	"Not detected"			"Not detected"	"Not detected"										NA	NA				"Cluster 13: Skin - Cornification"		"Cluster 55: Lymphoma - Immune response"																																				
KRTAP3-1	KAP3.1	ENSG00000212901	"Keratin associated protein 3-1"	Q9BYR8	17	41008521-41019324	"Predicted intracellular proteins"				"Evidence at protein level"	"Evidence at transcript level"	"Evidence at protein level"	"Evidence at protein level"	"Tissue enriched"	"Detected in single"	327	"skin 1: 223.7"	"Cell type enhanced"	"Detected in some"		"Basal keratinocytes: 8.4;Basal squamous epithelial cells: 4.4;Glandular and luminal cells: 3.2;granulocytes: 4.9;Serous glandular cells: 6.6"	"Not detected"	"Not detected"			"Group enriched"	"Detected in some"	4	"Bladder Urothelial Carcinoma (TCGA): 4.0;Lung Squamous Cell Carcinoma (TCGA): 1.4;Stomach Adenocarcinoma (TCGA): 5.0"	"Not detected"	"Not detected"			"Not detected in immune cells"	"Not detected"			"Not detected"	"Not detected"			"Group enriched"	"Detected in some"	6	"cervical cancer: 27.3;colorectal cancer: 8.4"	"Skin - Hair cortex cells"	"Not detected"	"Not detected"														NA	NA				"Cluster 82: Skin - Keratinization"		"Cluster 53: Squamous epithelial cells - Keratinization"	"Cluster 12: Squamous epithelial cells - Keratinization"	61																					"unprognostic (6.40e-1)"													
KRTAP3-3	KAP3.3	ENSG00000212899	"Keratin associated protein 3-3"	Q9BYR6	17	40993430-40994164	"Predicted intracellular proteins"				"Evidence at protein level"	"Evidence at protein level"	"Evidence at protein level"	"Evidence at protein level"	"Tissue enriched"	"Detected in single"	209	"skin 1: 125.3"	"Cell type enhanced"	"Detected in single"		"Enteroendocrine cells: 1.1"	"Not detected"	"Not detected"			"Cancer enriched"	"Detected in single"	5	"Breast Invasive Carcinoma (TCGA): 1.0"	"Not detected"	"Not detected"			"Not detected in immune cells"	"Not detected"			"Not detected"	"Not detected"			"Cancer enriched"	"Detected in single"	4	"cervical cancer: 3.5"	"Skin - Hair cortex cells"									HPA042992	Supported						NA	NA				"Cluster 82: Skin - Keratinization"		"Cluster 53: Squamous epithelial cells - Keratinization"	"Cluster 20: Enteroendocrine cells - Hormone signaling"	60			"HPA042992: AB_2678258"																															
KRTAP4-1	"KAP4.1, KAP4.10, KRTAP4-10"	ENSG00000198443	"Keratin associated protein 4-1"	Q9BYQ7	17	41184100-41184911	"Predicted intracellular proteins"				"Evidence at protein level"	"Evidence at transcript level"	"Evidence at protein level"	"Evidence at protein level"	"Tissue enhanced"	"Detected in single"		"skin 1: 1.4"	"Cell type enhanced"	"Detected in single"		"Intestinal goblet cells: 2.1"	"Not detected"	"Not detected"			"Low cancer specificity"	"Detected in some"			"Not detected"	"Not detected"			"Not detected in immune cells"	"Not detected"			"Not detected"	"Not detected"			"Cancer enhanced"	"Detected in some"		"Esophageal cancer: 1.5;Gallbladder cancer: 2.0"	"Skin - Hair cortex cells"																NA	NA				"Cluster 13: Skin - Cornification"		"Cluster 7: Liver cancer - Metabolism"	"Cluster 16: Intestinal goblet cells - Mucin production"	22				"unprognostic (1.86e-1)"				"unprognostic (3.02e-1)"	"unprognostic (4.72e-3)"										"unprognostic (4.00e-2)"	"unprognostic (1.08e-1)"	"unprognostic (1.38e-2)"							"unprognostic (2.57e-2)"	"unprognostic (4.91e-3)"					
KRTAP4-11	"KAP4.11, KAP4.14, KRTAP4-14"	ENSG00000212721	"Keratin associated protein 4-11"	Q9BYQ6	17	41117181-41118373	"Predicted intracellular proteins"				"Evidence at protein level"	"Evidence at transcript level"	"Evidence at protein level"	"Evidence at protein level"	"Tissue enriched"	"Detected in single"	93	"skin 1: 9.3"	"Not detected"	"Not detected"			"Not detected"	"Not detected"			"Not detected"	"Not detected"			"Not detected"	"Not detected"			"Not detected in immune cells"	"Not detected"			"Not detected"	"Not detected"			"Cancer enriched"	"Detected in single"	15	"Bone cancer: 1.4"	"Skin - Hair cortex cells"																NA	NA				"Cluster 82: Skin - Keratinization"		"Cluster 12: Bone cancer - Neuronal signaling"	"Cluster 73: B-cells - B-cell function"	62																																		
KRTAP4-12	KAP4.12	ENSG00000213416	"Keratin associated protein 4-12"	Q9BQ66	17	41123091-41124182	"Predicted intracellular proteins"				"Evidence at protein level"	"Evidence at transcript level"	"Evidence at protein level"	"Evidence at protein level"	"Tissue enriched"	"Detected in single"	260	"skin 1: 26.0"	"Not detected"	"Not detected"			"Not detected"	"Not detected"			"Not detected"	"Not detected"			"Not detected"	"Not detected"			"Immune cell enhanced"	"Detected in single"		"naive B-cell: 1.0"	"Lineage enhanced"	"Detected in single"		"B-cells: 1.0"	"Not detected"	"Not detected"			"Skin - Hair cortex cells"																NA	NA			"Cluster 34: B-cells - Unknown function"	"Cluster 82: Skin - Keratinization"		"Cluster 64: Connective tissue cells - ECM organization"	"Cluster 37: Glandular & Luminal cells - Unknown function"	83																																		
KRTAP4-2	KAP4.2	ENSG00000244537	"Keratin associated protein 4-2"	Q9BYR5	17	41177446-41178221	"Predicted intracellular proteins"				"Evidence at protein level"	"Evidence at transcript level"	"Evidence at protein level"	"Evidence at protein level"	"Tissue enriched"	"Detected in single"	221	"skin 1: 22.0"	"Not detected"	"Not detected"			"Not detected"	"Not detected"			"Not detected"	"Not detected"			"Not detected"	"Not detected"			"Not detected in immune cells"	"Not detected"			"Not detected"	"Not detected"			"Not detected"	"Not detected"			"Skin - Hair cortex cells"																NA	NA				"Cluster 82: Skin - Keratinization"				110																																		
KRTAP4-3	KAP4.3	ENSG00000196156	"Keratin associated protein 4-3"	Q9BYR4	17	41167231-41168221	"Predicted intracellular proteins"				"Evidence at protein level"	"Evidence at transcript level"	"Evidence at transcript level"	"Evidence at protein level"	"Tissue enriched"	"Detected in single"	173	"skin 1: 17.3"	"Not detected"	"Not detected"			"Not detected"	"Not detected"			"Not detected"	"Not detected"			"Not detected"	"Not detected"			"Not detected in immune cells"	"Not detected"			"Not detected"	"Not detected"			"Not detected"	"Not detected"			"Skin - Hair cortex cells"	"Not detected"	"Not detected"			"Not detected"	"Not detected"										NA	NA		1400000		"Cluster 82: Skin - Keratinization"		"Cluster 21: Lymphoma - Adaptive immune response"	"Cluster 78: NK-cells & T-cells - Immune system & Transcription"																																			
KRTAP4-4	"KAP4.13, KAP4.4, KRTAP4-13"	ENSG00000171396	"Keratin associated protein 4-4"	Q9BYR3	17	41159649-41160748	"Predicted intracellular proteins"				"Evidence at protein level"	"Evidence at transcript level"	"Evidence at protein level"	"Evidence at protein level"	"Tissue enriched"	"Detected in single"	182	"skin 1: 18.1"	"Not detected"	"Not detected"			"Not detected"	"Not detected"			"Not detected"	"Not detected"			"Not detected"	"Not detected"			"Not detected in immune cells"	"Not detected"			"Not detected"	"Not detected"			"Not detected"	"Not detected"			"Skin - Hair cortex cells"																NA	NA		1100000		"Cluster 82: Skin - Keratinization"		"Cluster 5: Rhabdoid - Unknown function"		57																																		
KRTAP4-5	KAP4.5	ENSG00000198271	"Keratin associated protein 4-5"	Q9BYR2	17	41148924-41149825	"Predicted intracellular proteins"				"Evidence at protein level"	"Evidence at transcript level"	"Evidence at protein level"	"Evidence at protein level"	"Tissue enriched"	"Detected in single"	120	"skin 1: 12.0"	"Not detected"	"Not detected"			"Not detected"	"Not detected"			"Not detected"	"Not detected"			"Not detected"	"Not detected"			"Not detected in immune cells"	"Not detected"			"Not detected"	"Not detected"			"Not detected"	"Not detected"			"Skin - Hair cortex cells"																NA	NA				"Cluster 82: Skin - Keratinization"				54																																		
KRTAP4-6	"KAP4.15, KAP4.6, KRTAP4-15"	ENSG00000198090	"Keratin associated protein 4-6"	Q9BYQ5	17	41139433-41140544	"Predicted intracellular proteins"				"Evidence at protein level"	"Evidence at transcript level"	"Evidence at transcript level"	"Evidence at protein level"	"Tissue enriched"	"Detected in single"	331	"skin 1: 33.0"	"Not detected"	"Not detected"			"Not detected"	"Not detected"			"Not detected"	"Not detected"			"Not detected"	"Not detected"			"Not detected in immune cells"	"Not detected"			"Not detected"	"Not detected"			"Not detected"	"Not detected"			"Skin - Hair cortex cells"																NA	NA		9000000		"Cluster 82: Skin - Keratinization"		"Cluster 53: Squamous epithelial cells - Keratinization"	"Cluster 37: Glandular & Luminal cells - Unknown function"																																			
KRTAP4-7	KAP4.7	ENSG00000240871	"Keratin associated protein 4-7"	Q9BYR0	17	41084150-41085144	"Predicted intracellular proteins"				"Evidence at protein level"	"Evidence at transcript level"	"Evidence at protein level"	"Evidence at protein level"	"Tissue enriched"	"Detected in single"	561	"skin 1: 56.1"	"Not detected"	"Not detected"			"Not detected"	"Not detected"			"Not detected"	"Not detected"			"Not detected"	"Not detected"			"Not detected in immune cells"	"Not detected"			"Not detected"	"Not detected"			"Not detected"	"Not detected"			"Skin - Hair cortex cells"																NA	NA				"Cluster 82: Skin - Keratinization"		"Cluster 72: Neuronal - Signal transduction"	"Cluster 37: Glandular & Luminal cells - Unknown function"	11																																		
KRTAP4-8	KAP4.8	ENSG00000204880	"Keratin associated protein 4-8"	Q9BYQ9	17	41096981-41098142	"Predicted intracellular proteins"				"Evidence at protein level"	"Evidence at transcript level"	"Evidence at transcript level"	"Evidence at protein level"	"Tissue enriched"	"Detected in single"	239	"skin 1: 23.9"	"Not detected"	"Not detected"			"Not detected"	"Not detected"			"Not detected"	"Not detected"			"Not detected"	"Not detected"			"Not detected in immune cells"	"Not detected"			"Not detected"	"Not detected"			"Not detected"	"Not detected"			"Skin - Hair cortex cells"																NA	NA		3000000		"Cluster 82: Skin - Keratinization"		"Cluster 72: Neuronal - Signal transduction"	"Cluster 37: Glandular & Luminal cells - Unknown function"																																			
KRTAP4-9	KAP4.9	ENSG00000212722	"Keratin associated protein 4-9"	Q9BYQ8	17	41105389-41106488	"Predicted intracellular proteins"				"Evidence at protein level"	"Evidence at transcript level"	"Evidence at transcript level"	"Evidence at protein level"	"Tissue enriched"	"Detected in single"	473	"skin 1: 47.2"	"Cell type enriched"	"Detected in single"	4	"Glandular and luminal cells: 1.2"	"Not detected"	"Not detected"			"Not detected"	"Not detected"			"Not detected"	"Not detected"			"Not detected in immune cells"	"Not detected"			"Not detected"	"Not detected"			"Not detected"	"Not detected"			"Skin - Hair cortex cells"																NA	NA				"Cluster 82: Skin - Keratinization"		"Cluster 72: Neuronal - Signal transduction"	"Cluster 37: Glandular & Luminal cells - Unknown function"																																			
KRTAP5-11	"KRTAP5-6, KRTAP5.11"	ENSG00000204571	"Keratin associated protein 5-11"	Q6L8G4	11	71581855-71603353	"Predicted intracellular proteins"				"Evidence at protein level"	"Evidence at transcript level"	"Evidence at protein level"	"Evidence at protein level"	"Tissue enriched"	"Detected in single"	5	"skin 1: 5.1"	"Not detected"	"Not detected"			"Cell type enhanced"	"Detected in many"		"cerebellar inhibitory: 9.0;deep-layer near-projecting: 9.9;lower rhombic lip: 13.3"	"Not detected"	"Not detected"			"Not detected"	"Not detected"			"Not detected in immune cells"	"Not detected"			"Not detected"	"Not detected"			"Not detected"	"Not detected"																			NA	NA				"Cluster 82: Skin - Keratinization"		"Cluster 4: Non-specific - Transcription"	"Cluster 66: Photoreceptor cells - Visual perception"	49																																		
KRTAP5-3	"KRTAP5-9, KRTAP5.3"	ENSG00000196224	"Keratin associated protein 5-3"	Q6L8H2	11	1607565-1608463	"Predicted intracellular proteins"				"Evidence at protein level"	"Evidence at transcript level"	"Evidence at protein level"	"Evidence at protein level"	"Tissue enriched"	"Detected in single"	79	"skin 1: 7.9"	"Not detected"	"Not detected"			"Not detected"	"Not detected"			"Not detected"	"Not detected"			"Not detected"	"Not detected"			"Not detected in immune cells"	"Not detected"			"Not detected"	"Not detected"			"Not detected"	"Not detected"																			NA	NA				"Cluster 82: Skin - Keratinization"				39																																		
KRTAP5-4	KRTAP5.4	ENSG00000241598	"Keratin associated protein 5-4"		11	1620958-1622138	"Predicted intracellular proteins"				"Evidence at transcript level"	"Evidence at transcript level"			"Tissue enriched"	"Detected in single"	15	"skin 1: 4.5"	"Not detected"	"Not detected"			"Not detected"	"Not detected"			"Cancer enriched"	"Detected in single"	6	"Uterine Corpus Endometrial Carcinoma (TCGA): 2.3"	"Not detected"	"Not detected"			"Not detected in immune cells"	"Not detected"			"Not detected"	"Not detected"			"Not detected"	"Not detected"								"Not detected"	"Not detected"										NA	NA				"Cluster 13: Skin - Cornification"		"Cluster 10: Ciliated cells - Ion channel activity"																																				"unprognostic (2.09e-1)"
KRTAP5-5	"KRTAP5-11, KRTAP5.5"	ENSG00000185940	"Keratin associated protein 5-5"	Q701N2	11	1629775-1630930	"Predicted intracellular proteins"				"Evidence at transcript level"	"Evidence at transcript level"	"Evidence at transcript level"	"Evidence at transcript level"	"Tissue enriched"	"Detected in single"	6	"skin 1: 3.4"	"Not detected"	"Not detected"			"Not detected"	"Not detected"			"Not detected"	"Not detected"			"Not detected"	"Not detected"			"Not detected in immune cells"	"Not detected"			"Not detected"	"Not detected"			"Not detected"	"Not detected"																			NA	NA				"Cluster 13: Skin - Cornification"		"Cluster 10: Ciliated cells - Ion channel activity"	"Cluster 16: Intestinal goblet cells - Mucin production"																																			
KRTAP6-1	"C21orf103, KAP6.1"	ENSG00000184724	"Keratin associated protein 6-1"	Q3LI64	21	30613431-30613930	"Predicted intracellular proteins"				"Evidence at protein level"	"Evidence at transcript level"	"Evidence at protein level"	"Evidence at protein level"	"Tissue enriched"	"Detected in single"	21	"skin 1: 2.0"	"Not detected"	"Not detected"			"Not detected"	"Not detected"			"Not detected"	"Not detected"			"Not detected"	"Not detected"			"Not detected in immune cells"	"Not detected"			"Not detected"	"Not detected"			"Not detected"	"Not detected"			"Skin - Hair cortex cells"																NA	NA				"Cluster 82: Skin - Keratinization"				71																																		
KRTAP7-1	KAP7.1	ENSG00000274749	"Keratin associated protein 7-1"	Q8IUC3	21	30829039-30829759	"Predicted intracellular proteins"				"Evidence at protein level"	"Evidence at transcript level"	"Evidence at protein level"	"Evidence at protein level"	"Tissue enriched"	"Detected in single"	104	"skin 1: 24.3"	"Not detected"	"Not detected"			"Not detected"	"Not detected"			"Not detected"	"Not detected"			"Not detected"	"Not detected"			"Not detected in immune cells"	"Not detected"			"Not detected"	"Not detected"			"Not detected"	"Not detected"			"Skin - Hair cortex cells"	"Not detected"	"Not detected"			"Not detected"	"Not detected"										NA	NA				"Cluster 82: Skin - Keratinization"		"Cluster 55: Lymphoma - Immune response"		28																																		
KRTAP8-1	KAP8.1	ENSG00000183640	"Keratin associated protein 8-1"	Q8IUC2	21	30812697-30813274	"Predicted intracellular proteins"				"Evidence at protein level"	"Evidence at transcript level"	"Evidence at protein level"	"Evidence at protein level"	"Tissue enriched"	"Detected in single"	86	"skin 1: 59.4"	"Not detected"	"Not detected"			"Not detected"	"Not detected"			"Not detected"	"Not detected"			"Not detected"	"Not detected"			"Not detected in immune cells"	"Not detected"			"Not detected"	"Not detected"			"Not detected"	"Not detected"			"Skin - Hair cortex cells"	"Not detected"	"Not detected"			"Not detected"	"Not detected"										NA	NA				"Cluster 82: Skin - Keratinization"			"Cluster 13: Spermatids - Transcription"	76																																		
KRTAP9-2	KAP9.2	ENSG00000239886	"Keratin associated protein 9-2"	Q9BYQ4	17	41226648-41227652	"Predicted intracellular proteins"				"Evidence at protein level"	"Evidence at transcript level"	"Evidence at protein level"	"Evidence at protein level"	"Tissue enriched"	"Detected in single"	224	"skin 1: 31.7"	"Not detected"	"Not detected"			"Not detected"	"Not detected"			"Not detected"	"Not detected"			"Not detected"	"Not detected"			"Not detected in immune cells"	"Not detected"			"Not detected"	"Not detected"			"Not detected"	"Not detected"			"Skin - Hair cortex cells"																NA	NA				"Cluster 82: Skin - Keratinization"				126																																		
KRTAP9-3	KAP9.3	ENSG00000204873	"Keratin associated protein 9-3"	Q9BYQ3	17	41232449-41233454	"Predicted intracellular proteins"				"Evidence at protein level"	"Evidence at transcript level"	"Evidence at protein level"	"Evidence at protein level"	"Tissue enriched"	"Detected in single"	478	"skin 1: 47.8"	"Not detected"	"Not detected"			"Not detected"	"Not detected"			"Not detected"	"Not detected"			"Not detected"	"Not detected"			"Not detected in immune cells"	"Not detected"			"Not detected"	"Not detected"			"Not detected"	"Not detected"			"Skin - Hair cortex cells"																NA	NA				"Cluster 82: Skin - Keratinization"				103																																		
KRTAP9-4	KAP9.4	ENSG00000241595	"Keratin associated protein 9-4"	Q9BYQ2	17	41249687-41250653	"Predicted intracellular proteins"				"Evidence at protein level"	"Evidence at transcript level"	"Evidence at protein level"	"Evidence at protein level"	"Tissue enriched"	"Detected in single"	387	"skin 1: 38.7"	"Not detected"	"Not detected"			"Not detected"	"Not detected"			"Not detected"	"Not detected"			"Not detected"	"Not detected"			"Not detected in immune cells"	"Not detected"			"Not detected"	"Not detected"			"Not detected"	"Not detected"			"Skin - Hair cortex cells"																NA	NA				"Cluster 82: Skin - Keratinization"				25																																		
KRTAP9-6	"KAP9.6, KRTAP9L2"	ENSG00000212659	"Keratin associated protein 9-6"	A8MVA2	17	41265378-41265860	"Predicted intracellular proteins"				"Evidence at protein level"	"Evidence at transcript level"	"No human protein/transcript evidence"	"Evidence at protein level"	"Tissue enriched"	"Detected in single"	26	"skin 1: 2.5"	"Cell type enriched"	"Detected in single"	17	"Melanocytes: 1.7"	"Not detected"	"Not detected"			"Not detected"	"Not detected"			"Not detected"	"Not detected"			"Not detected in immune cells"	"Not detected"			"Not detected"	"Not detected"			"Not detected"	"Not detected"			"Skin - Hair cortex cells"																NA	NA				"Cluster 82: Skin - Keratinization"			"Cluster 26: Schwann cells & Melanocytes - Mixed function"																																			
KRTAP9-7	"KAP9.7, KRTAP9L1"	ENSG00000180386	"Keratin associated protein 9-7"	A8MTY7	17	41275698-41276207	"Predicted intracellular proteins"				"Evidence at protein level"	"Evidence at transcript level"	"No human protein/transcript evidence"	"Evidence at protein level"	"Tissue enriched"	"Detected in single"	79	"skin 1: 7.8"	"Not detected"	"Not detected"			"Not detected"	"Not detected"			"Not detected"	"Not detected"			"Not detected"	"Not detected"			"Not detected in immune cells"	"Not detected"			"Not detected"	"Not detected"			"Not detected"	"Not detected"			"Skin - Hair cortex cells"																NA	NA		1400000		"Cluster 82: Skin - Keratinization"			"Cluster 11: Late spermatids - Unknown function"																																			
KRTAP9-8	KAP9.8	ENSG00000187272	"Keratin associated protein 9-8"	Q9BYQ0	17	41237999-41239004	"Predicted intracellular proteins"				"Evidence at protein level"	"Evidence at transcript level"	"Evidence at protein level"	"Evidence at protein level"	"Tissue enriched"	"Detected in single"	370	"skin 1: 37.0"	"Not detected"	"Not detected"							"Not detected"	"Not detected"			"Not detected"	"Not detected"			"Not detected in immune cells"	"Not detected"			"Not detected"	"Not detected"			"Not detected"	"Not detected"			"Skin - Hair cortex cells"																NA	NA				"Cluster 82: Skin - Keratinization"		"Cluster 21: Lymphoma - Adaptive immune response"		72																																		
KRTAP9-9	"KAP9.5, KAP9.9, KRTAP9-5"	ENSG00000198083	"Keratin associated protein 9-9"	Q9BYP9	17	41255384-41256364	"Predicted intracellular proteins"				"Evidence at protein level"	"Evidence at transcript level"	"Evidence at transcript level"	"Evidence at protein level"	"Tissue enriched"	"Detected in single"	241	"skin 1: 24.0"	"Not detected"	"Not detected"			"Not detected"	"Not detected"			"Not detected"	"Not detected"			"Not detected"	"Not detected"			"Not detected in immune cells"	"Not detected"			"Not detected"	"Not detected"			"Not detected"	"Not detected"			"Skin - Hair cortex cells"																NA	NA				"Cluster 82: Skin - Keratinization"																																						
LCE1D	LEP4	ENSG00000172155	"Late cornified envelope 1D"	Q5T752	1	152796721-152798181	"Predicted intracellular proteins"	Keratinization			"Evidence at protein level"	"Evidence at transcript level"	"Evidence at protein level"	"Evidence at protein level"	"Tissue enriched"	"Detected in single"	94	"skin 1: 78.2"	"Not detected"	"Not detected"			"Not detected"	"Not detected"			"Cancer enriched"	"Detected in single"	6	"Skin Cuteneous Melanoma (TCGA): 5.0"	"Not detected"	"Not detected"			"Not detected in immune cells"	"Not detected"			"Not detected"	"Not detected"			"Not detected"	"Not detected"			"Skin - Keratinocyte (granular)"																NA	NA				"Cluster 82: Skin - Keratinization"		"Cluster 61: BICR 18 - Protein kinases"		47																														"unprognostic (4.63e-2)"				
LCE4A	"LEP8, SPRL4A"	ENSG00000187170	"Late cornified envelope 4A"	Q5TA78	1	152708160-152709434	"Predicted intracellular proteins"	Keratinization			"Evidence at protein level"	"Evidence at transcript level"	"Evidence at protein level"	"Evidence at protein level"	"Tissue enriched"	"Detected in single"	7	"skin 1: 4.3"	"Not detected"	"Not detected"			"Not detected"	"Not detected"			"Not detected"	"Not detected"			"Not detected"	"Not detected"			"Not detected in immune cells"	"Not detected"			"Not detected"	"Not detected"			"Not detected"	"Not detected"			"Skin - Keratinocyte (granular)"																NA	NA				"Cluster 13: Skin - Cornification"		"Cluster 64: Connective tissue cells - ECM organization"		65																																		
LCE7A		ENSG00000285946	"Late cornified envelope 7A"	P0DV60	1	152859996-152861252	"Predicted intracellular proteins"	Keratinization			"Evidence at transcript level"	"Evidence at transcript level"	"No human protein/transcript evidence"		"Tissue enriched"	"Detected in single"	6	"skin 1: 2.1"	"Not detected"	"Not detected"			"Not detected"	"Not detected"			"Not detected"	"Not detected"			"Not detected"	"Not detected"			"Not detected in immune cells"	"Not detected"			"Not detected"	"Not detected"			"Not detected"	"Not detected"				"Not detected"	"Not detected"			"Not detected"	"Not detected"										NA	NA						"Cluster 53: Squamous epithelial cells - Keratinization"																																				
MRGPRX2	MRGX2	ENSG00000183695	"MAS related GPR family member X2"	Q96LB1	11	19054455-19060717	"G-protein coupled receptors, Predicted membrane proteins"		"G-protein coupled receptor, Receptor, Transducer"		"Evidence at protein level"	"Evidence at transcript level"	"Evidence at protein level"	"Evidence at protein level"	"Tissue enhanced"	"Detected in single"		"skin 1: 1.0"	"Group enriched"	"Detected in some"	5	"granulocytes: 6.7;Melanocytes: 1.7"	"Not detected"	"Not detected"			"Not detected"	"Not detected"			"Not detected"	"Not detected"			"Not detected in immune cells"	"Not detected"			"Not detected"	"Not detected"			"Not detected"	"Not detected"			"Adipose subcutaneous - Mast cells, Colon - Mast cells, Skin - Mast cells"									HPA055220	Approved						NA	NA				"Cluster 13: Skin - Cornification"		"Cluster 51: Myeloma - Immunoglobulins"	"Cluster 30: Granulocytes - Unknown function"				"HPA055220: AB_2682743"																															
NEU2	SIAL2	ENSG00000115488	"Neuraminidase 2"	Q9Y3R4	2	233032672-233035057	"Enzymes, Metabolic proteins, Predicted intracellular proteins"	"Carbohydrate metabolism, Lipid degradation, Lipid metabolism"	"Glycosidase, Hydrolase"		"Evidence at protein level"	"Evidence at transcript level"	"Evidence at protein level"	"Evidence at protein level"	"Tissue enriched"	"Detected in single"	20	"skin 1: 1.9"	"Not detected"	"Not detected"			"Not detected"	"Not detected"			"Not detected"	"Not detected"			"Not detected"	"Not detected"			"Not detected in immune cells"	"Not detected"			"Not detected"	"Not detected"			"Not detected"	"Not detected"				"Low region specificity"	"Detected in all"			"Region enhanced"	"Detected in single"		"cerebral cortex: 1.5"	CAB022336	Uncertain						NA	NA				"Cluster 82: Skin - Keratinization"		"Cluster 53: Squamous epithelial cells - Keratinization"		14			"CAB022336: "																															
TSPAN10	OCSP	ENSG00000182612	"Tetraspanin 10"		17	81637171-81648754	"Predicted membrane proteins"				"Evidence at transcript level"	"Evidence at transcript level"			"Tissue enhanced"	"Detected in single"		"skin 1: 1.6"	"Cell type enhanced"	"Detected in many"		"Collecting duct cells: 13.6;Melanocytes: 17.2"	"Cell type enhanced"	"Detected in many"		"choroid plexus epithelial cell: 5.6"	"Cancer enriched"	"Detected in many"	12	"Skin Cuteneous Melanoma (TCGA): 139.8"	"Low region specificity"	"Detected in some"			"Not detected in immune cells"	"Not detected"			"Not detected"	"Not detected"			"Cancer enriched"	"Detected in many"	6	"skin cancer: 28.3"		"Region enriched"	"Detected in single"	4	"olfactory bulb: 1.3"	"Low region specificity"	"Detected in all"										NA	NA				"Cluster 13: Skin - Cornification"	"Cluster 35: Non-specific - DNA binding"	"Cluster 9: Skin cancer - Melanin biosynthesis"	"Cluster 50: Connective tissue cells - ECM organization"					"unprognostic (1.20e-1)"	"unprognostic (4.02e-2)"	"potential prognostic favorable (1.79e-4)"	"unprognostic (1.02e-1)"				"unprognostic (2.85e-1)"	"unprognostic (1.90e-2)"	"unprognostic (1.72e-2)"	"validated prognostic unfavorable (6.69e-5)"	"validated prognostic unfavorable (3.40e-4)"	"unprognostic (5.91e-2)"	"unprognostic (1.46e-2)"	"unprognostic (5.88e-2)"	"unprognostic (5.80e-2)"		"unprognostic (2.39e-2)"		"unprognostic (7.42e-2)"	"unprognostic (4.45e-2)"		"unprognostic (2.60e-3)"	"unprognostic (3.56e-1)"			"unprognostic (2.67e-2)"		"unprognostic (2.12e-1)"	"unprognostic (8.80e-2)"	"unprognostic (3.31e-1)"
TYR	"OCA1, OCA1A, OCAIA"	ENSG00000077498	Tyrosinase	P14679	11	89177875-89295759	"Disease related genes, Enzymes, FDA approved drug targets, Human disease related genes, Metabolic proteins, Predicted membrane proteins, Transporters"	"Melanin biosynthesis"	"Monooxygenase, Oxidoreductase, Tumor antigen"	"Albinism, Deafness, Disease variant, FDA approved drug targets, Waardenburg syndrome"	"Evidence at protein level"	"Evidence at protein level"	"Evidence at protein level"	"Evidence at protein level"	"Tissue enriched"	"Detected in single"	37	"skin 1: 30.7"	"Cell type enriched"	"Detected in some"	8	"Melanocytes: 295.5"	"Cell type enhanced"	"Detected in some"		"hippocampal CA1-3: 5.1;oligodendrocyte: 4.9"	"Cancer enriched"	"Detected in single"	1325	"Skin Cuteneous Melanoma (TCGA): 765.2"	"Not detected"	"Not detected"			"Not detected in immune cells"	"Not detected"			"Not detected"	"Not detected"			"Cancer enriched"	"Detected in some"	145	"skin cancer: 268.0"	"Skin - Melanocytes"	"Not detected"	"Not detected"			"Not detected"	"Not detected"			"CAB000079, HPA043241, HPA050889, HPA064583"	Enhanced		Enhanced	Vesicles			NA	NA				"Cluster 82: Skin - Keratinization"		"Cluster 9: Skin cancer - Melanin biosynthesis"	"Cluster 26: Schwann cells & Melanocytes - Mixed function"	1	Vesicles		"CAB000079: AB_564045, HPA043241: AB_2678383, HPA050889: AB_2681264, HPA064583: "																											"unprognostic (2.19e-1)"				
